,Name
0,100
1,141
2,142
3,143
4,146
5,14F
6,14X
7,14Y
8,14Z
9,310
10,312
11,313
12,318
13,319
14,31A
15,31B
16,31C
17,31F
18,31H
19,31W
20,31X
21,31Y
22,320
23,321
24,322
25,32A
26,32B
27,32F
28,32H
29,32J
30,32L
31,32M
32,32S
33,32V
34,32X
35,330
36,332
37,333
38,33P
39,33Q
40,33X
41,340
42,342
43,343
44,345
45,346
46,34D
47,34E
48,34L
49,34P
50,34Q
51,34R
52,34V
53,34Y
54,34Z
55,351
56,358
57,359
58,380
59,388
60,38F
61,38Q
62,38Z
63,703
64,707
65,70F
66,70M
67,717
68,721
69,722
70,727
71,72A
72,72B
73,72C
74,72F
75,72M
76,72S
77,72W
78,72X
79,72Y
80,731
81,732
82,733
83,734
84,735
85,736
86,737
87,738
88,739
89,73A
90,73C
91,73E
92,73F
93,73G
94,73H
95,73J
96,73L
97,73M
98,73N
99,73P
100,73Q
101,73R
102,73S
103,73V
104,73W
105,73X
106,73Y
107,741
108,742
109,743
110,744
111,747
112,74B
113,74C
114,74D
115,74E
116,74F
117,74H
118,74J
119,74L
120,74M
121,74N
122,74P
123,74Q
124,74R
125,74S
126,74T
127,74U
128,74V
129,74X
130,74Y
131,74Z
132,752
133,753
134,757
135,75F
136,75M
137,75T
138,75W
139,762
140,763
141,764
142,767
143,76F
144,76V
145,76W
146,76X
147,76Y
148,772
149,773
150,777
151,779
152,77F
153,77L
154,77W
155,77X
156,783
157,787
158,788
159,789
160,963
161,A22
162,A26
163,A28
164,A30
165,A32
166,A38
167,A40
168,A4F
169,A58
170,A5F
171,A81
172,AB3
173,AB4
174,AB6
175,ABB
176,ABF
177,ABX
178,ABY
179,ACD
180,ACP
181,ACT
182,AGH
183,ALM
184,AN4
185,AN6
186,AN7
187,ANF
188,APF
189,APH
190,AR1
191,AR7
192,AR8
193,ARJ
194,AT4
195,AT5
196,AT7
197,ATF
198,ATP
199,ATR
200,ATZ
201,AWH
202,AWZ
203,B11
204,B12
205,B13
206,B14
207,B15
208,B72
209,BE1
210,BE2
211,BE4
212,BE9
213,BEC
214,BEF
215,BEH
216,BEP
217,BES
218,BET
219,BH2
220,BNI
221,BNT
222,BTA
223,BUS
224,C27
225,CCJ
226,CCX
227,CD2
228,CJ1
229,CJ2
230,CJ5
231,CJ6
232,CJ8
233,CJL
234,CJM
235,CJX
236,CL3
237,CL4
238,CN1
239,CN2
240,CN3
241,CN5
242,CN6
243,CN7
244,CNA
245,CNC
246,CNF
247,CNJ
248,CNT
249,CR1
250,CR2
251,CR7
252,CR9
253,CRA
254,CRF
255,CRJ
256,CRK
257,CRN
258,CRV
259,CS1
260,CS2
261,CS3
262,CS5
263,CS9
264,CV2
265,CV4
266,CV5
267,CVF
268,CVR
269,CVV
270,CVX
271,CVY
272,CWC
273,D10
274,D11
275,D1C
276,D1F
277,D1M
278,D1X
279,D1Y
280,D20
281,D28
282,D2L
283,D38
284,D3F
285,D42
286,D4X
287,D6F
288,D8F
289,D8L
290,D8M
291,D8Q
292,D8S
293,D8T
294,D8X
295,D8Y
296,D91
297,D92
298,D93
299,D94
300,D95
301,D98
302,D9C
303,D9D
304,D9F
305,D9L
306,D9X
307,DC3
308,DC4
309,DC6
310,DC8
311,DC9
312,DF1
313,DF2
314,DF3
315,DF5
316,DF7
317,DF9
318,DFL
319,DH1
320,DH2
321,DH3
322,DH4
323,DH7
324,DH8
325,DHB
326,DHC
327,DHD
328,DHF
329,DHH
330,DHL
331,DHN
332,DHO
333,DHP
334,DHR
335,DHS
336,DHT
337,E70
338,E71
339,E75
340,E90
341,E95
342,E9F
343,E9N
344,EA5
345,EC3
346,EC5
347,EM2
348,EM3
349,EM4
350,EMB
351,EMJ
352,EP1
353,EP3
354,ER3
355,ER4
356,ERD
357,ERJ
358,F21
359,F22
360,F23
361,F24
362,F27
363,F28
364,F2A
365,F50
366,F5F
367,F70
368,FK7
369,FRJ
370,G2B
371,G2S
372,GA8
373,GJ2
374,GJ3
375,GJ4
376,GJ5
377,GJ6
378,GR1
379,GR2
380,GR3
381,GRG
382,GRJ
383,GRM
384,GRS
385,H20
386,H21
387,H24
388,H25
389,H28
390,H29
391,HEC
392,HOV
393,HS7
394,I14
395,I93
396,I9F
397,I9M
398,I9X
399,I9Y
400,IL6
401,IL7
402,IL8
403,IL9
404,ILW
405,J31
406,J32
407,J41
408,JST
409,JU5
410,L10
411,L11
412,L15
413,L1F
414,L49
415,L4F
416,L4T
417,LCH
418,LJA
419,LMO
420,LOE
421,LOF
422,LOH
423,LOM
424,LRJ
425,M11
426,M1F
427,M1M
428,M2F
429,M3F
430,M80
431,M81
432,M82
433,M83
434,M87
435,M88
436,M8F
437,M90
438,M93
439,MA6
440,MBH
441,MD9
442,MIH
443,MU2
444,ND2
445,NDC
446,NDE
447,NDH
448,P18
449,PA1
450,PA2
451,PAG
452,PAT
453,PL2
454,PL6
455,PN6
456,PR1
457,RFS
458,S20
459,S58
460,S61
461,S76
462,SF3
463,SFB
464,SFF
465,SH3
466,SH6
467,SHB
468,SHS
469,SSC
470,SU7
471,SU9
472,SWF
473,SWM
474,SY8
475,T20
476,T2F
477,T34
478,TBM
479,TRN
480,TRS
481,TU3
482,TU5
483,VCV
484,VGF
485,WWP
486,YK2
487,YK4
488,YN2
489,YN7
490,YS1
